frame,prediction
0.jpg,VERY_LAME
0.jpg,VERY_LAME
1.jpg,VERY_LAME
1.jpg,VERY_LAME
2.jpg,VERY_LAME
2.jpg,VERY_LAME
3.jpg,VERY_LAME
4.jpg,VERY_LAME
4.jpg,VERY_LAME
5.jpg,VERY_LAME
5.jpg,VERY_LAME
6.jpg,VERY_LAME
6.jpg,VERY_LAME
7.jpg,VERY_LAME
8.jpg,VERY_LAME
9.jpg,VERY_LAME
10.jpg,VERY_LAME
11.jpg,VERY_LAME
12.jpg,VERY_LAME
13.jpg,VERY_LAME
14.jpg,VERY_LAME
15.jpg,VERY_LAME
16.jpg,VERY_LAME
17.jpg,VERY_LAME
18.jpg,VERY_LAME
19.jpg,VERY_LAME
20.jpg,VERY_LAME
21.jpg,VERY_LAME
22.jpg,VERY_LAME
23.jpg,VERY_LAME
24.jpg,VERY_LAME
25.jpg,VERY_LAME
26.jpg,VERY_LAME
27.jpg,VERY_LAME
28.jpg,VERY_LAME
29.jpg,VERY_LAME
30.jpg,VERY_LAME
31.jpg,VERY_LAME
32.jpg,VERY_LAME
33.jpg,VERY_LAME
34.jpg,VERY_LAME
35.jpg,VERY_LAME
36.jpg,VERY_LAME
37.jpg,VERY_LAME
38.jpg,VERY_LAME
39.jpg,VERY_LAME
40.jpg,VERY_LAME
41.jpg,VERY_LAME
42.jpg,VERY_LAME
43.jpg,VERY_LAME
44.jpg,VERY_LAME
45.jpg,VERY_LAME
46.jpg,VERY_LAME
47.jpg,VERY_LAME
48.jpg,VERY_LAME
49.jpg,VERY_LAME
50.jpg,VERY_LAME
51.jpg,VERY_LAME
52.jpg,VERY_LAME
53.jpg,VERY_LAME
54.jpg,VERY_LAME
55.jpg,VERY_LAME
56.jpg,VERY_LAME
57.jpg,VERY_LAME
58.jpg,VERY_LAME
59.jpg,VERY_LAME
60.jpg,VERY_LAME
60.jpg,VERY_LAME
61.jpg,VERY_LAME
62.jpg,VERY_LAME
63.jpg,VERY_LAME
64.jpg,VERY_LAME
65.jpg,VERY_LAME
66.jpg,VERY_LAME
67.jpg,VERY_LAME
68.jpg,VERY_LAME
69.jpg,VERY_LAME
70.jpg,VERY_LAME
71.jpg,VERY_LAME
72.jpg,VERY_LAME
73.jpg,VERY_LAME
74.jpg,VERY_LAME
75.jpg,VERY_LAME
76.jpg,VERY_LAME
77.jpg,VERY_LAME
78.jpg,VERY_LAME
79.jpg,VERY_LAME
80.jpg,VERY_LAME
81.jpg,VERY_LAME
82.jpg,VERY_LAME
83.jpg,VERY_LAME
84.jpg,VERY_LAME
85.jpg,VERY_LAME
86.jpg,VERY_LAME
87.jpg,VERY_LAME
88.jpg,VERY_LAME
89.jpg,VERY_LAME
90.jpg,VERY_LAME
91.jpg,VERY_LAME
92.jpg,VERY_LAME
93.jpg,VERY_LAME
94.jpg,VERY_LAME
95.jpg,VERY_LAME
96.jpg,VERY_LAME
97.jpg,VERY_LAME
98.jpg,VERY_LAME
99.jpg,VERY_LAME
100.jpg,VERY_LAME
101.jpg,VERY_LAME
102.jpg,VERY_LAME
103.jpg,VERY_LAME
104.jpg,VERY_LAME
105.jpg,VERY_LAME
106.jpg,VERY_LAME
107.jpg,VERY_LAME
108.jpg,VERY_LAME
109.jpg,VERY_LAME
110.jpg,VERY_LAME
111.jpg,VERY_LAME
112.jpg,VERY_LAME
113.jpg,VERY_LAME
114.jpg,VERY_LAME
115.jpg,VERY_LAME
116.jpg,VERY_LAME
117.jpg,VERY_LAME
118.jpg,VERY_LAME
119.jpg,VERY_LAME
120.jpg,VERY_LAME
121.jpg,VERY_LAME
122.jpg,VERY_LAME
123.jpg,VERY_LAME
124.jpg,VERY_LAME
125.jpg,VERY_LAME
126.jpg,VERY_LAME
127.jpg,VERY_LAME
128.jpg,VERY_LAME
129.jpg,VERY_LAME
130.jpg,VERY_LAME
131.jpg,VERY_LAME
132.jpg,VERY_LAME
133.jpg,VERY_LAME
134.jpg,VERY_LAME
135.jpg,VERY_LAME
136.jpg,VERY_LAME
137.jpg,VERY_LAME
138.jpg,VERY_LAME
139.jpg,VERY_LAME
140.jpg,VERY_LAME
141.jpg,VERY_LAME
142.jpg,VERY_LAME
143.jpg,VERY_LAME
144.jpg,VERY_LAME
145.jpg,VERY_LAME
146.jpg,VERY_LAME
147.jpg,VERY_LAME
148.jpg,VERY_LAME
149.jpg,VERY_LAME
150.jpg,VERY_LAME
151.jpg,VERY_LAME
152.jpg,VERY_LAME
153.jpg,VERY_LAME
154.jpg,VERY_LAME
155.jpg,VERY_LAME
156.jpg,VERY_LAME
157.jpg,VERY_LAME
158.jpg,VERY_LAME
159.jpg,VERY_LAME
160.jpg,VERY_LAME
161.jpg,VERY_LAME
162.jpg,VERY_LAME
163.jpg,VERY_LAME
164.jpg,VERY_LAME
165.jpg,VERY_LAME
166.jpg,VERY_LAME
167.jpg,VERY_LAME
168.jpg,VERY_LAME
169.jpg,VERY_LAME
170.jpg,VERY_LAME
171.jpg,VERY_LAME
172.jpg,VERY_LAME
173.jpg,VERY_LAME
174.jpg,VERY_LAME
175.jpg,VERY_LAME
176.jpg,VERY_LAME
177.jpg,VERY_LAME
178.jpg,VERY_LAME
179.jpg,VERY_LAME
180.jpg,VERY_LAME
181.jpg,VERY_LAME
182.jpg,VERY_LAME
183.jpg,VERY_LAME
184.jpg,VERY_LAME
185.jpg,VERY_LAME
186.jpg,VERY_LAME
187.jpg,VERY_LAME
188.jpg,VERY_LAME
189.jpg,VERY_LAME
190.jpg,VERY_LAME
191.jpg,VERY_LAME
192.jpg,VERY_LAME
193.jpg,VERY_LAME
194.jpg,VERY_LAME
195.jpg,VERY_LAME
196.jpg,VERY_LAME
197.jpg,VERY_LAME
198.jpg,VERY_LAME
199.jpg,VERY_LAME
200.jpg,VERY_LAME
201.jpg,VERY_LAME
202.jpg,VERY_LAME
203.jpg,VERY_LAME
204.jpg,VERY_LAME
205.jpg,VERY_LAME
206.jpg,VERY_LAME
207.jpg,VERY_LAME
208.jpg,VERY_LAME
209.jpg,VERY_LAME
210.jpg,VERY_LAME
211.jpg,VERY_LAME
212.jpg,VERY_LAME
213.jpg,VERY_LAME
214.jpg,VERY_LAME
215.jpg,VERY_LAME
216.jpg,VERY_LAME
217.jpg,VERY_LAME
218.jpg,VERY_LAME
219.jpg,VERY_LAME
220.jpg,VERY_LAME
221.jpg,VERY_LAME
222.jpg,VERY_LAME
223.jpg,VERY_LAME
224.jpg,VERY_LAME
225.jpg,VERY_LAME
226.jpg,VERY_LAME
227.jpg,VERY_LAME
228.jpg,VERY_LAME
229.jpg,VERY_LAME
230.jpg,VERY_LAME
231.jpg,VERY_LAME
232.jpg,VERY_LAME
233.jpg,VERY_LAME
234.jpg,VERY_LAME
235.jpg,VERY_LAME
236.jpg,VERY_LAME
237.jpg,VERY_LAME
238.jpg,VERY_LAME
239.jpg,VERY_LAME
240.jpg,VERY_LAME
241.jpg,VERY_LAME
242.jpg,VERY_LAME
243.jpg,VERY_LAME
244.jpg,VERY_LAME
245.jpg,VERY_LAME
246.jpg,VERY_LAME
247.jpg,VERY_LAME
248.jpg,VERY_LAME
249.jpg,VERY_LAME
250.jpg,VERY_LAME
251.jpg,VERY_LAME
252.jpg,VERY_LAME
253.jpg,VERY_LAME
254.jpg,VERY_LAME
255.jpg,VERY_LAME
256.jpg,VERY_LAME
256.jpg,VERY_LAME
257.jpg,VERY_LAME
257.jpg,VERY_LAME
258.jpg,VERY_LAME
258.jpg,VERY_LAME
259.jpg,VERY_LAME
259.jpg,VERY_LAME
260.jpg,VERY_LAME
260.jpg,VERY_LAME
261.jpg,VERY_LAME
261.jpg,VERY_LAME
262.jpg,VERY_LAME
262.jpg,VERY_LAME
263.jpg,VERY_LAME
263.jpg,VERY_LAME
264.jpg,VERY_LAME
264.jpg,VERY_LAME
265.jpg,VERY_LAME
265.jpg,VERY_LAME
266.jpg,VERY_LAME
266.jpg,VERY_LAME
267.jpg,VERY_LAME
268.jpg,VERY_LAME
268.jpg,VERY_LAME
269.jpg,VERY_LAME
269.jpg,VERY_LAME
270.jpg,VERY_LAME
270.jpg,VERY_LAME
271.jpg,VERY_LAME
271.jpg,VERY_LAME
272.jpg,VERY_LAME
272.jpg,VERY_LAME
273.jpg,VERY_LAME
273.jpg,VERY_LAME
274.jpg,VERY_LAME
274.jpg,VERY_LAME
275.jpg,VERY_LAME
275.jpg,VERY_LAME
276.jpg,VERY_LAME
276.jpg,VERY_LAME
277.jpg,VERY_LAME
277.jpg,VERY_LAME
278.jpg,VERY_LAME
278.jpg,VERY_LAME
279.jpg,VERY_LAME
280.jpg,VERY_LAME
280.jpg,VERY_LAME
281.jpg,VERY_LAME
281.jpg,VERY_LAME
282.jpg,VERY_LAME
282.jpg,VERY_LAME
283.jpg,VERY_LAME
283.jpg,VERY_LAME
284.jpg,VERY_LAME
285.jpg,VERY_LAME
285.jpg,VERY_LAME
286.jpg,VERY_LAME
286.jpg,VERY_LAME
287.jpg,VERY_LAME
287.jpg,VERY_LAME
288.jpg,VERY_LAME
289.jpg,VERY_LAME
290.jpg,VERY_LAME
290.jpg,VERY_LAME
291.jpg,VERY_LAME
291.jpg,VERY_LAME
292.jpg,VERY_LAME
292.jpg,VERY_LAME
293.jpg,VERY_LAME
293.jpg,VERY_LAME
294.jpg,VERY_LAME
294.jpg,VERY_LAME
295.jpg,VERY_LAME
295.jpg,VERY_LAME
296.jpg,VERY_LAME
296.jpg,VERY_LAME
297.jpg,VERY_LAME
297.jpg,VERY_LAME
298.jpg,VERY_LAME
299.jpg,VERY_LAME
300.jpg,VERY_LAME
301.jpg,VERY_LAME
302.jpg,VERY_LAME
303.jpg,VERY_LAME
303.jpg,VERY_LAME
304.jpg,VERY_LAME
305.jpg,VERY_LAME
306.jpg,VERY_LAME
306.jpg,VERY_LAME
307.jpg,VERY_LAME
307.jpg,VERY_LAME
308.jpg,VERY_LAME
308.jpg,VERY_LAME
309.jpg,VERY_LAME
309.jpg,VERY_LAME
310.jpg,VERY_LAME
310.jpg,VERY_LAME
311.jpg,VERY_LAME
311.jpg,VERY_LAME
312.jpg,VERY_LAME
312.jpg,VERY_LAME
313.jpg,VERY_LAME
313.jpg,VERY_LAME
314.jpg,VERY_LAME
314.jpg,VERY_LAME
315.jpg,VERY_LAME
315.jpg,VERY_LAME
316.jpg,VERY_LAME
316.jpg,VERY_LAME
317.jpg,VERY_LAME
317.jpg,VERY_LAME
318.jpg,VERY_LAME
318.jpg,VERY_LAME
319.jpg,VERY_LAME
319.jpg,VERY_LAME
320.jpg,VERY_LAME
320.jpg,VERY_LAME
321.jpg,VERY_LAME
321.jpg,VERY_LAME
322.jpg,VERY_LAME
322.jpg,VERY_LAME
323.jpg,VERY_LAME
323.jpg,VERY_LAME
324.jpg,VERY_LAME
324.jpg,VERY_LAME
325.jpg,VERY_LAME
325.jpg,VERY_LAME
326.jpg,VERY_LAME
326.jpg,VERY_LAME
327.jpg,VERY_LAME
327.jpg,VERY_LAME
328.jpg,VERY_LAME
328.jpg,VERY_LAME
329.jpg,VERY_LAME
329.jpg,VERY_LAME
330.jpg,VERY_LAME
330.jpg,VERY_LAME
331.jpg,VERY_LAME
332.jpg,VERY_LAME
332.jpg,VERY_LAME
333.jpg,VERY_LAME
333.jpg,VERY_LAME
334.jpg,VERY_LAME
334.jpg,VERY_LAME
335.jpg,VERY_LAME
335.jpg,VERY_LAME
336.jpg,VERY_LAME
336.jpg,VERY_LAME
337.jpg,VERY_LAME
337.jpg,VERY_LAME
338.jpg,VERY_LAME
338.jpg,VERY_LAME
339.jpg,VERY_LAME
339.jpg,VERY_LAME
340.jpg,VERY_LAME
340.jpg,VERY_LAME
341.jpg,VERY_LAME
341.jpg,VERY_LAME
342.jpg,VERY_LAME
342.jpg,VERY_LAME
343.jpg,VERY_LAME
343.jpg,VERY_LAME
344.jpg,VERY_LAME
344.jpg,VERY_LAME
345.jpg,VERY_LAME
345.jpg,VERY_LAME
346.jpg,VERY_LAME
346.jpg,VERY_LAME
347.jpg,VERY_LAME
347.jpg,VERY_LAME
348.jpg,VERY_LAME
348.jpg,VERY_LAME
349.jpg,VERY_LAME
349.jpg,VERY_LAME
350.jpg,VERY_LAME
350.jpg,VERY_LAME
351.jpg,VERY_LAME
351.jpg,VERY_LAME
352.jpg,VERY_LAME
353.jpg,VERY_LAME
354.jpg,VERY_LAME
355.jpg,VERY_LAME
356.jpg,VERY_LAME
357.jpg,VERY_LAME
358.jpg,VERY_LAME
359.jpg,VERY_LAME
360.jpg,VERY_LAME
361.jpg,VERY_LAME
362.jpg,VERY_LAME
363.jpg,VERY_LAME
364.jpg,VERY_LAME
365.jpg,VERY_LAME
366.jpg,VERY_LAME
367.jpg,VERY_LAME
368.jpg,VERY_LAME
369.jpg,VERY_LAME
370.jpg,VERY_LAME
371.jpg,VERY_LAME
372.jpg,VERY_LAME
373.jpg,VERY_LAME
374.jpg,VERY_LAME
375.jpg,VERY_LAME
376.jpg,VERY_LAME
377.jpg,VERY_LAME
378.jpg,VERY_LAME
379.jpg,VERY_LAME
380.jpg,VERY_LAME
381.jpg,VERY_LAME
382.jpg,VERY_LAME
383.jpg,VERY_LAME
384.jpg,VERY_LAME
385.jpg,VERY_LAME
386.jpg,VERY_LAME
387.jpg,VERY_LAME
388.jpg,VERY_LAME
389.jpg,VERY_LAME
390.jpg,VERY_LAME
391.jpg,VERY_LAME
392.jpg,VERY_LAME
393.jpg,VERY_LAME
394.jpg,VERY_LAME
395.jpg,VERY_LAME
396.jpg,VERY_LAME
397.jpg,VERY_LAME
398.jpg,VERY_LAME
399.jpg,VERY_LAME
400.jpg,VERY_LAME
401.jpg,VERY_LAME
402.jpg,VERY_LAME
403.jpg,VERY_LAME
404.jpg,VERY_LAME
405.jpg,VERY_LAME
406.jpg,VERY_LAME
407.jpg,VERY_LAME
408.jpg,VERY_LAME
409.jpg,VERY_LAME
410.jpg,VERY_LAME
411.jpg,VERY_LAME
412.jpg,VERY_LAME
413.jpg,VERY_LAME
414.jpg,VERY_LAME
415.jpg,VERY_LAME
416.jpg,VERY_LAME
417.jpg,VERY_LAME
418.jpg,VERY_LAME
419.jpg,VERY_LAME
420.jpg,VERY_LAME
421.jpg,VERY_LAME
422.jpg,VERY_LAME
423.jpg,VERY_LAME
424.jpg,VERY_LAME
425.jpg,VERY_LAME
426.jpg,VERY_LAME
427.jpg,VERY_LAME
428.jpg,VERY_LAME
429.jpg,VERY_LAME
430.jpg,VERY_LAME
431.jpg,VERY_LAME
432.jpg,VERY_LAME
433.jpg,VERY_LAME
434.jpg,VERY_LAME
435.jpg,VERY_LAME
436.jpg,VERY_LAME
437.jpg,VERY_LAME
438.jpg,VERY_LAME
439.jpg,VERY_LAME
440.jpg,VERY_LAME
441.jpg,VERY_LAME
442.jpg,VERY_LAME
443.jpg,VERY_LAME
444.jpg,VERY_LAME
445.jpg,VERY_LAME
446.jpg,VERY_LAME
447.jpg,VERY_LAME
448.jpg,VERY_LAME
449.jpg,VERY_LAME
450.jpg,VERY_LAME
451.jpg,VERY_LAME
452.jpg,VERY_LAME
453.jpg,VERY_LAME
454.jpg,VERY_LAME
455.jpg,VERY_LAME
456.jpg,VERY_LAME
457.jpg,VERY_LAME
458.jpg,VERY_LAME
459.jpg,VERY_LAME
460.jpg,VERY_LAME
461.jpg,VERY_LAME
462.jpg,VERY_LAME
463.jpg,VERY_LAME
464.jpg,VERY_LAME
465.jpg,VERY_LAME
466.jpg,VERY_LAME
467.jpg,VERY_LAME
468.jpg,VERY_LAME
469.jpg,VERY_LAME
470.jpg,VERY_LAME
471.jpg,VERY_LAME
472.jpg,VERY_LAME
473.jpg,VERY_LAME
474.jpg,VERY_LAME
475.jpg,VERY_LAME
476.jpg,VERY_LAME
477.jpg,VERY_LAME
478.jpg,VERY_LAME
479.jpg,VERY_LAME
480.jpg,VERY_LAME
481.jpg,VERY_LAME
482.jpg,VERY_LAME
483.jpg,VERY_LAME
484.jpg,VERY_LAME
485.jpg,VERY_LAME
486.jpg,VERY_LAME
487.jpg,VERY_LAME
488.jpg,VERY_LAME
489.jpg,VERY_LAME
490.jpg,VERY_LAME
491.jpg,VERY_LAME
492.jpg,VERY_LAME
493.jpg,VERY_LAME
494.jpg,VERY_LAME
495.jpg,VERY_LAME
496.jpg,VERY_LAME
497.jpg,VERY_LAME
498.jpg,VERY_LAME
499.jpg,VERY_LAME
500.jpg,VERY_LAME
501.jpg,VERY_LAME
502.jpg,VERY_LAME
503.jpg,VERY_LAME
504.jpg,VERY_LAME
505.jpg,VERY_LAME
506.jpg,VERY_LAME
507.jpg,VERY_LAME
508.jpg,VERY_LAME
509.jpg,VERY_LAME
510.jpg,VERY_LAME
511.jpg,VERY_LAME
512.jpg,VERY_LAME
513.jpg,VERY_LAME
514.jpg,VERY_LAME
515.jpg,VERY_LAME
516.jpg,VERY_LAME
517.jpg,VERY_LAME
518.jpg,VERY_LAME
519.jpg,VERY_LAME
520.jpg,VERY_LAME
521.jpg,VERY_LAME
522.jpg,VERY_LAME
523.jpg,VERY_LAME
524.jpg,VERY_LAME
525.jpg,VERY_LAME
526.jpg,VERY_LAME
526.jpg,VERY_LAME
527.jpg,VERY_LAME
527.jpg,VERY_LAME
528.jpg,VERY_LAME
528.jpg,VERY_LAME
529.jpg,VERY_LAME
529.jpg,VERY_LAME
530.jpg,VERY_LAME
530.jpg,VERY_LAME
531.jpg,VERY_LAME
531.jpg,VERY_LAME
532.jpg,VERY_LAME
532.jpg,VERY_LAME
533.jpg,VERY_LAME
533.jpg,VERY_LAME
534.jpg,VERY_LAME
534.jpg,VERY_LAME
535.jpg,VERY_LAME
535.jpg,VERY_LAME
536.jpg,VERY_LAME
536.jpg,VERY_LAME
537.jpg,VERY_LAME
537.jpg,VERY_LAME
538.jpg,VERY_LAME
538.jpg,VERY_LAME
539.jpg,VERY_LAME
539.jpg,VERY_LAME
540.jpg,VERY_LAME
540.jpg,VERY_LAME
541.jpg,VERY_LAME
541.jpg,VERY_LAME
542.jpg,VERY_LAME
542.jpg,VERY_LAME
543.jpg,VERY_LAME
543.jpg,VERY_LAME
544.jpg,VERY_LAME
544.jpg,VERY_LAME
545.jpg,VERY_LAME
545.jpg,VERY_LAME
546.jpg,VERY_LAME
546.jpg,VERY_LAME
547.jpg,VERY_LAME
547.jpg,VERY_LAME
548.jpg,VERY_LAME
549.jpg,VERY_LAME
550.jpg,VERY_LAME
551.jpg,VERY_LAME
552.jpg,VERY_LAME
553.jpg,VERY_LAME
554.jpg,VERY_LAME
555.jpg,VERY_LAME
643.jpg,VERY_LAME
644.jpg,VERY_LAME
645.jpg,VERY_LAME
646.jpg,VERY_LAME
647.jpg,VERY_LAME
648.jpg,VERY_LAME
649.jpg,VERY_LAME
650.jpg,VERY_LAME
651.jpg,VERY_LAME
652.jpg,VERY_LAME
653.jpg,VERY_LAME
654.jpg,VERY_LAME
655.jpg,VERY_LAME
656.jpg,VERY_LAME
657.jpg,VERY_LAME
658.jpg,VERY_LAME
659.jpg,VERY_LAME
660.jpg,VERY_LAME
661.jpg,VERY_LAME
662.jpg,VERY_LAME
663.jpg,VERY_LAME
664.jpg,VERY_LAME
665.jpg,VERY_LAME
666.jpg,VERY_LAME
667.jpg,VERY_LAME
668.jpg,VERY_LAME
669.jpg,VERY_LAME
670.jpg,VERY_LAME
671.jpg,VERY_LAME
672.jpg,VERY_LAME
673.jpg,VERY_LAME
674.jpg,VERY_LAME
675.jpg,VERY_LAME
676.jpg,VERY_LAME
677.jpg,VERY_LAME
678.jpg,VERY_LAME
679.jpg,VERY_LAME
680.jpg,VERY_LAME
681.jpg,VERY_LAME
682.jpg,VERY_LAME
683.jpg,VERY_LAME
684.jpg,VERY_LAME
685.jpg,VERY_LAME
686.jpg,VERY_LAME
687.jpg,VERY_LAME
688.jpg,VERY_LAME
689.jpg,VERY_LAME
690.jpg,VERY_LAME
691.jpg,VERY_LAME
692.jpg,VERY_LAME
693.jpg,VERY_LAME
694.jpg,VERY_LAME
695.jpg,VERY_LAME
696.jpg,VERY_LAME
697.jpg,VERY_LAME
698.jpg,VERY_LAME
699.jpg,VERY_LAME
700.jpg,VERY_LAME
701.jpg,VERY_LAME
702.jpg,VERY_LAME
703.jpg,VERY_LAME
704.jpg,VERY_LAME
705.jpg,VERY_LAME
706.jpg,VERY_LAME
707.jpg,VERY_LAME
708.jpg,VERY_LAME
709.jpg,VERY_LAME
709.jpg,VERY_LAME
710.jpg,VERY_LAME
710.jpg,VERY_LAME
711.jpg,VERY_LAME
711.jpg,VERY_LAME
712.jpg,VERY_LAME
712.jpg,VERY_LAME
713.jpg,VERY_LAME
713.jpg,VERY_LAME
714.jpg,VERY_LAME
714.jpg,VERY_LAME
715.jpg,VERY_LAME
715.jpg,VERY_LAME
716.jpg,VERY_LAME
716.jpg,VERY_LAME
717.jpg,VERY_LAME
718.jpg,VERY_LAME
719.jpg,VERY_LAME
720.jpg,VERY_LAME
721.jpg,VERY_LAME
722.jpg,VERY_LAME
723.jpg,VERY_LAME
724.jpg,VERY_LAME
724.jpg,VERY_LAME
725.jpg,VERY_LAME
726.jpg,VERY_LAME
726.jpg,VERY_LAME
727.jpg,VERY_LAME
728.jpg,VERY_LAME
728.jpg,VERY_LAME
729.jpg,VERY_LAME
729.jpg,VERY_LAME
730.jpg,VERY_LAME
730.jpg,VERY_LAME
731.jpg,VERY_LAME
731.jpg,VERY_LAME
732.jpg,VERY_LAME
732.jpg,VERY_LAME
733.jpg,VERY_LAME
733.jpg,VERY_LAME
734.jpg,VERY_LAME
735.jpg,VERY_LAME
736.jpg,VERY_LAME
737.jpg,VERY_LAME
738.jpg,VERY_LAME
739.jpg,VERY_LAME
740.jpg,VERY_LAME
741.jpg,VERY_LAME
742.jpg,VERY_LAME
743.jpg,VERY_LAME
744.jpg,VERY_LAME
745.jpg,VERY_LAME
746.jpg,VERY_LAME
747.jpg,VERY_LAME
748.jpg,VERY_LAME
749.jpg,VERY_LAME
750.jpg,VERY_LAME
751.jpg,VERY_LAME
752.jpg,VERY_LAME
753.jpg,VERY_LAME
754.jpg,VERY_LAME
755.jpg,VERY_LAME
756.jpg,VERY_LAME
757.jpg,VERY_LAME
758.jpg,VERY_LAME
759.jpg,VERY_LAME
760.jpg,VERY_LAME
761.jpg,VERY_LAME
762.jpg,VERY_LAME
763.jpg,VERY_LAME
764.jpg,VERY_LAME
765.jpg,VERY_LAME
766.jpg,VERY_LAME
767.jpg,VERY_LAME
768.jpg,VERY_LAME
769.jpg,VERY_LAME
770.jpg,VERY_LAME
771.jpg,VERY_LAME
772.jpg,VERY_LAME
773.jpg,VERY_LAME
774.jpg,VERY_LAME
775.jpg,VERY_LAME
776.jpg,VERY_LAME
777.jpg,VERY_LAME
778.jpg,VERY_LAME
779.jpg,VERY_LAME
780.jpg,VERY_LAME
781.jpg,VERY_LAME
782.jpg,VERY_LAME
783.jpg,VERY_LAME
784.jpg,VERY_LAME
785.jpg,VERY_LAME
786.jpg,VERY_LAME
787.jpg,VERY_LAME
788.jpg,VERY_LAME
789.jpg,VERY_LAME
790.jpg,VERY_LAME
791.jpg,VERY_LAME
792.jpg,VERY_LAME
793.jpg,VERY_LAME
794.jpg,VERY_LAME
795.jpg,VERY_LAME
796.jpg,VERY_LAME
797.jpg,VERY_LAME
798.jpg,VERY_LAME
799.jpg,VERY_LAME
800.jpg,VERY_LAME
801.jpg,VERY_LAME
802.jpg,VERY_LAME
803.jpg,VERY_LAME
804.jpg,VERY_LAME
805.jpg,VERY_LAME
806.jpg,VERY_LAME
807.jpg,VERY_LAME
808.jpg,VERY_LAME
809.jpg,VERY_LAME
812.jpg,VERY_LAME
813.jpg,VERY_LAME
814.jpg,VERY_LAME
815.jpg,VERY_LAME
816.jpg,VERY_LAME
817.jpg,VERY_LAME
818.jpg,VERY_LAME
819.jpg,VERY_LAME
820.jpg,VERY_LAME
821.jpg,VERY_LAME
822.jpg,VERY_LAME
823.jpg,VERY_LAME
824.jpg,VERY_LAME
825.jpg,VERY_LAME
826.jpg,VERY_LAME
827.jpg,VERY_LAME
828.jpg,VERY_LAME
829.jpg,VERY_LAME
830.jpg,VERY_LAME
831.jpg,VERY_LAME
832.jpg,VERY_LAME
833.jpg,VERY_LAME
834.jpg,VERY_LAME
835.jpg,VERY_LAME
836.jpg,VERY_LAME
837.jpg,VERY_LAME
838.jpg,VERY_LAME
839.jpg,VERY_LAME
840.jpg,VERY_LAME
841.jpg,VERY_LAME
842.jpg,VERY_LAME
843.jpg,VERY_LAME
844.jpg,VERY_LAME
845.jpg,VERY_LAME
846.jpg,VERY_LAME
847.jpg,VERY_LAME
848.jpg,VERY_LAME
849.jpg,VERY_LAME
850.jpg,VERY_LAME
851.jpg,VERY_LAME
852.jpg,VERY_LAME
853.jpg,VERY_LAME
854.jpg,VERY_LAME
855.jpg,VERY_LAME
856.jpg,VERY_LAME
857.jpg,VERY_LAME
858.jpg,VERY_LAME
859.jpg,VERY_LAME
860.jpg,VERY_LAME
861.jpg,VERY_LAME
862.jpg,VERY_LAME
863.jpg,VERY_LAME
864.jpg,VERY_LAME
865.jpg,VERY_LAME
866.jpg,VERY_LAME
867.jpg,VERY_LAME
868.jpg,VERY_LAME
869.jpg,VERY_LAME
870.jpg,VERY_LAME
871.jpg,VERY_LAME
872.jpg,VERY_LAME
873.jpg,VERY_LAME
874.jpg,VERY_LAME
875.jpg,VERY_LAME
876.jpg,VERY_LAME
877.jpg,VERY_LAME
878.jpg,VERY_LAME
879.jpg,VERY_LAME
880.jpg,VERY_LAME
881.jpg,VERY_LAME
882.jpg,VERY_LAME
883.jpg,VERY_LAME
884.jpg,VERY_LAME
885.jpg,VERY_LAME
886.jpg,VERY_LAME
887.jpg,VERY_LAME
888.jpg,VERY_LAME
889.jpg,VERY_LAME
890.jpg,VERY_LAME
891.jpg,VERY_LAME
892.jpg,VERY_LAME
893.jpg,VERY_LAME
894.jpg,VERY_LAME
895.jpg,VERY_LAME
896.jpg,VERY_LAME
897.jpg,VERY_LAME
898.jpg,VERY_LAME
899.jpg,VERY_LAME
900.jpg,VERY_LAME
901.jpg,VERY_LAME
902.jpg,VERY_LAME
903.jpg,VERY_LAME
904.jpg,VERY_LAME
905.jpg,VERY_LAME
906.jpg,VERY_LAME
907.jpg,VERY_LAME
908.jpg,VERY_LAME
909.jpg,VERY_LAME
910.jpg,VERY_LAME
911.jpg,VERY_LAME
912.jpg,VERY_LAME
913.jpg,VERY_LAME
914.jpg,VERY_LAME
915.jpg,VERY_LAME
916.jpg,VERY_LAME
